# 词条	排除原因。只排除本游戏不适合出题的搭配，不声称这是权威成语分类。
解放思想	现代口号性搭配，不作为首版成语题
滥用职权	法律新闻描述，首版排除
下落不明	新闻状态描述，首版排除
不可忽视	普通修饰搭配，首版排除
精心设计	普通动宾搭配
率先垂范	现代宣传搭配，首版排除
取信于民	普通政务搭配，首版排除
陷入僵局	普通动宾搭配
年久失修	设施状态描述，首版排除
毫不动摇	普通修饰搭配
泪流满面	普通状态描写，首版排除
清清楚楚	普通形容词重叠
通俗易懂	普通形容搭配
令人瞩目	普通动宾搭配
连锁反应	专业名词，首版排除
重建家园	普通动宾搭配
昏迷不醒	状态描述，首版排除
更新换代	现代行业搭配，首版排除
打击报复	普通动宾搭配
明明白白	普通形容词重叠
公正廉洁	品质并列搭配，首版排除
茁壮成长	普通修饰搭配
有意无意	普通并列搭配
所见所闻	普通并列搭配
既得利益	现代名词搭配
啃硬骨头	口语惯用语，不作为四字成语题
感慨万千	普通情绪描写，首版排除
不可估量	普通修饰搭配
证据确凿	法律新闻描述，首版排除
振奋人心	普通动宾搭配
公平合理	普通形容并列
聪明才智	普通名词并列
相差无几	普通数量描述
疑难杂症	医学名词，首版排除
艰苦创业	普通修饰搭配
并肩作战	普通动作描述
勤工俭学	教育活动名词，首版排除
口口相传	与规范成语口耳相传区分，首版排除
充满生机	普通动宾搭配
守土有责	口号性搭配，首版排除
令人咋舌	普通动宾搭配
发家致富	现代宣传搭配，首版排除
名胜古迹	普通名词并列
乐在其中	普通状态描述，首版排除
繁荣富强	普通形容并列
舆论哗然	新闻描述，首版排除
切身体会	普通偏正搭配
负债累累	普通状态描述
炎黄子孙	名词称谓，不作为首版成语题
壮烈牺牲	普通修饰搭配
铺平道路	普通动宾搭配
解疑释惑	现代工作搭配，首版排除
报效祖国	普通动宾搭配
还本付息	金融业务名词，首版排除
精力充沛	普通状态描述
腾空而起	普通动作描述
饶有兴趣	普通状态描述
震撼人心	普通动宾搭配
奋发向上	普通修饰搭配，首版排除
